Name,HHMMSS,# MJD,Freq (MHz),Elev (deg),Flux (Jy),e_flux (Jy),Unnamed: 7
OJ287,171840,55973.72266,5125,24.5967,5.3002,0.123,
OJ287,143908,56002.61328,5125,16.2886,5.0943,0.1341,
OJ287,112731,56068.48047,5125,28.3243,5.2301,0.1253,
OJ287,100500,56096.42188,5125,33.2516,5.3028,0.1035,
OJ287,31321,56205.13672,5125,36.2562,4.4855,0.0767,
OJ287,64109,56205.28125,5125,64.9919,3.6151,0.0386,
OJ287,101331,56205.42969,5125,44.2603,4.3027,0.0463,
OJ287,90417,56250.37891,5125,25.2131,4.5287,0.0649,
OJ287,73944,56272.32031,5125,24.867,3.9426,0.0744,
OJ287,181523,55973.76562,8305,34.7208,5.7961,0.3518,
OJ287,152740,56002.64453,8305,24.8665,5.5432,0.7091,
OJ287,133100,56033.56641,8305,25.7985,5.9549,0.4836,
OJ287,143907,56033.61328,8305,37.9378,6.3499,0.5027,
OJ287,123629,56068.52734,8305,40.5725,5.983,0.3287,
OJ287,133622,56096.57031,8305,64.2723,5.1329,0.2273,
OJ287,135920,56139.58594,8305,49.8823,4.6115,0.3139,
OJ287,122550,56175.51953,8305,41.7783,4.3669,0.2521,
OJ287,82441,56204.35156,8305,61.0258,4.9874,0.2122,
OJ287,100420,56204.42188,8305,46.4879,4.6865,0.215,
OJ287,124842,56204.53516,8305,17.5008,4.2349,0.2037,
OJ287,232444,56272.97656,8305,43.0388,3.3815,0.2404,
OJ287,25455,56273.125,8305,65.3056,2.6747,0.1677,
OJ287,62420,56273.26953,8305,37.6065,3.5017,0.2216,
OJ287,231906,56314.97656,5125,64.135,3.2328,0.0292,
OJ287,170847,56394.71875,5125,59.0049,3.8758,0.0239,
OJ287,203757,56394.86328,5125,54.5443,4.1676,0.0234,
OJ287,150107,56418.63281,5125,54.4803,3.9375,0.0242,
OJ287,131854,56474.55859,5125,65.026,3.6258,0.0229,
OJ287,110929,56489.46875,5125,60.6613,3.6463,0.0286,
OJ287,73824,56538.32422,5125,58.4827,4.4299,0.0336,
OJ287,231445,56313.97266,8305,63.4226,3.2782,0.0959,
OJ287,13225,56314.06641,8305,58.2734,3.2741,0.1021,
OJ287,171344,56393.72266,8305,59.1308,4.9631,0.1135,
OJ287,151107,56419.63672,8305,56.6316,4.4567,0.1197,
OJ287,130745,56476.55078,8305,65.194,3.9929,0.1372,
OJ287,112306,56490.48047,8305,62.588,4.1232,0.1601,
OJ287,100841,56510.42969,8305,62.9524,5.0524,0.1367,
OJ287,75416,56539.33594,8305,60.9861,5.2431,0.1081,
OJ287,224254,56678.95042,5075,60.698,2.9495,0.0244,
OJ287,205051,56701.87259,5075,58.0131,2.7309,0.019,
OJ287,225204,56679.9567,8305,62.172,2.8394,0.0492,
OJ287,11515,56680.05618,8305,60.4565,2.8892,0.0498,
OJ287,204933,56700.87158,8520,57.3969,2.7741,0.0229,
OJ287,232521,56700.97985,8520,63.2221,2.8631,0.02,
OJ287,213853,57055.90596,5075,58.509,4.0991,0.0228,
OJ287,174257,57102.7421,5075,51.0052,4.0358,0.0327,
OJ287,201955,57102.85119,5075,65.4265,4.0846,0.035,
OJ287,190751,57161.80111,5075,47.0825,4.2828,0.0543,
OJ287,85737,57276.37774,5075,65.3773,3.671,0.0363,
OJ287,63704,57301.2801,5075,64.7734,3.4904,0.0419,
OJ287,44635,57337.20338,5075,65.5223,2.7693,0.0447,
OJ287,13734,57371.07205,5075,63.0852,2.7469,0.0312,
OJ287,150618,57161.63501,24600,61.8089,3.9831,0.4746,
OJ287,80401,57276.3442,24100,64.5434,3.8051,0.259,
OJ287,61242,57337.26672,24100,58.6037,3.5449,0.092,
OJ287,215613,57370.91985,24100,29.4268,3.8698,0.0831,
OJ287,203520,57056.86175,8520,49.761,5.2219,0.0257,
OJ287,184251,57101.78363,8520,59.2192,4.8496,0.0249,
OJ287,211848,57101.89197,8520,61.9125,4.9947,0.0232,
OJ287,144327,57160.61734,8520,58.2587,4.6715,0.0329,
OJ287,172630,57160.73066,8520,61.9432,4.7575,0.0399,
OJ287,105502,57276.45897,8520,53.4608,3.8542,0.0199,
OJ287,100133,57300.42179,8520,46.8924,3.4805,0.0201,
OJ287,71438,57337.30593,8520,50.4096,2.854,0.0229,
OJ287,33156,57371.15126,8520,62.4114,3.0655,0.0216,
OJ287,15929,57401.08736,5075,59.6571,2.9403,0.0458,
OJ287,200052,57433.83824,5075,51.5914,2.6628,0.0679,
OJ287,181127,57468.76225,5075,55.8671,2.778,0.0413,
OJ287,165452,57498.70865,5075,61.1,2.8665,0.0754,
OJ287,183751,57525.78018,5075,52.7446,2.9131,0.0776,
OJ287,125242,57559.54047,5075,60.8407,3.226,0.0454,
OJ287,113018,57581.48326,5075,61.2966,3.2458,0.0925,
OJ287,81837,57720.35,5075,27.4028,3.986,0.078,
OJ287,21632,57739.09856,5075,65.5036,4.2396,0.0705,
OJ287,234523,57400.99793,22664,64.0863,4.0236,0.0751,
OJ287,215544,57433.91775,8520,64.8655,3.0641,0.039,
OJ287,200517,57468.8411,8520,65.5226,3.4171,0.0195,
OJ287,183958,57498.78145,8520,64.6376,3.5925,0.0223,
OJ287,110808,57526.46769,8520,22.5424,3.447,0.0269,
OJ287,121615,57526.515,8520,34.6979,3.4225,0.0333,
OJ287,133158,57526.56757,8520,47.8268,3.3136,0.0271,
OJ287,143518,57559.61156,8520,64.8807,4.0024,0.025,
OJ287,163946,57559.69798,8520,50.1932,4.0172,0.0213,
OJ287,130835,57581.55134,8520,64.891,4.5457,0.0233,
OJ287,2029,57721.01787,8520,43.6127,5.135,0.0253,
OJ287,40611,57721.1746,8520,64.4717,5.0316,0.0207,
OJ287,81333,57721.34444,8520,27.979,5.2821,0.0417,
OJ287,24155,57738.11607,8520,65.2577,5.2662,0.0202,
OJ287,64500,57738.28488,8520,31.3616,5.583,0.0306,
OJ287,201447,57811.84635,5075,60.2856,5.6034,0.1342,
OJ287,151931,57920.64137,5075,63.1955,5.1416,0.1632,
OJ287,13802,57778.07074,8520,56.6046,6.5076,0.0284,
OJ287,40806,57778.17496,8520,31.5377,6.757,0.039,
OJ287,215722,57811.91751,8520,65.0763,7.1823,0.0276,
OJ287,224524,57836.95086,8520,47.3778,7.3142,0.0364,
OJ287,193025,57875.81545,8520,54.0226,5.9057,0.0284,
OJ287,171919,57920.72442,8520,46.6719,6.5383,0.0431,
OJ287,194435,57920.8253,8520,21.0601,6.6749,0.0516,
OJ287,164330,57946.69954,8520,35.1317,6.9888,0.058,
OJ287,140326,57947.58838,8520,60.0341,6.7559,0.0391,
OJ287,130032,57981.5447,8520,49.8238,5.8993,0.0317,
OJ287,153901,57981.65476,8520,22.0961,5.595,0.0451,
OJ287,92613,58013.39587,8520,62.0061,4.8103,0.0263,
OJ287,150006,58323.62781,4835,44.4768,4.8372,0.0493,
OJ287,173421,58323.73494,4835,13.8143,4.867,0.1039,
OJ287,124613,58324.53496,4835,67.9476,4.9646,0.0461,
OJ287,54726,58325.24403,4835,13.5834,4.9724,0.1218,
OJ287,84926,58382.37053,4835,69.1583,5.1002,0.0352,
OJ287,110509,58382.46466,4835,45.0708,5.0563,0.048,
OJ287,23048,58468.10637,24100,65.5063,7.0634,0.1892,
OJ287,20844,58137.09206,8520,55.7576,5.9535,0.0541,
OJ287,4102,58160.03116,8520,55.3614,6.5326,0.0304,
OJ287,1309,58188.0118,8520,41.97,6.4187,0.0329,
OJ287,173900,58254.73809,8520,61.5442,5.3747,0.0316,
OJ287,172228,58289.7266,8520,43.6313,5.6952,0.0309,
OJ287,111805,58383.47356,8520,42.7343,6.5013,0.0392,
OJ287,134355,58383.57483,8520,16.8973,5.8325,0.052,
OJ287,65527,58434.29118,8520,52.9842,5.9928,0.0345,
OJ287,3709,58468.02749,8520,56.1919,6.5541,0.0348,
OJ287,221836,58532.93124,24100,65.4818,5.0708,0.1267,
OJ287,211713,58556.8886,24100,64.2273,5.6847,0.1862,
OJ287,185118,58588.78727,24100,65.2118,6.6724,0.3013,
OJ287,161638,58625.67987,24100,65.4364,5.7268,0.2538,
OJ287,150016,58659.62684,24100,61.8624,6.1067,0.556,
OJ287,124746,58687.53482,24100,63.8403,6.7241,1.7167,
OJ287,111706,58709.47185,24100,64.1372,5.0655,0.2334,
OJ287,83320,58784.35813,24100,46.967,5.707,0.4242,
OJ287,44606,58809.20033,24100,63.9788,5.2527,0.3154,
OJ287,223813,58499.9449,8520,57.1536,6.3083,0.0636,
OJ287,202747,58532.85433,8520,57.0607,4.9923,0.0323,
OJ287,191236,58556.80212,8520,59.5722,5.2509,0.0327,
OJ287,164517,58588.69981,8520,56.7399,5.2477,0.0331,
OJ287,142246,58625.60086,8520,57.1545,5.0868,0.0328,
OJ287,121700,58659.51351,8305,58.2208,5.5917,0.0374,
OJ287,94857,58687.4107,8305,52.7535,5.4208,0.0485,
OJ287,81732,58709.34737,8520,52.0083,3.5407,0.0717,
OJ287,51933,58758.22361,8520,54.2231,4.5637,0.1148,
OJ287,42910,58780.18861,8305,59.2318,3.8742,0.0411,
OJ287,15240,58809.07995,8305,53.2548,4.1592,0.0373,
OJ287,181723,58908.76357,6075,42.3591,4.2949,0.0231,
OJ287,150733,58960.63174,6075,45.1465,4.4435,0.0198,
OJ287,202927,58908.85507,23840,65.2115,8.1833,0.0266,
OJ287,105827,59072.45891,24100,65.377,7.0768,0.2803,
OJ287,133348,59072.56679,24100,47.5166,6.9441,0.53,
OJ287,81106,59073.34274,8305,50.1567,4.5181,0.0682,
OJ287,62018,59104.2658,8305,51.9206,5.163,0.0414,
OJ287,91852,59104.38975,24100,64.2206,7.2443,0.4146,
OJ287,43452,59132.19257,8305,52.6451,5.1541,0.037,
OJ287,93449,59130.40082,24100,49.3276,6.1391,0.1951,
OJ287,73359,59132.31691,24100,63.8614,7.7687,0.2209,
OJ287,23011,59165.10599,8305,53.4214,6.2267,0.0528,
OJ287,30535,59198.13053,24100,64.4474,7.3618,0.3632,
OJ287,3334,59198.02501,8305,55.3807,6.1942,0.1085,
OJ287,3231,59201.02428,8305,56.9098,5.7176,0.0546,
OJ287,221358,59229.92807,8305,53.3172,6.3504,0.0507,
OJ287,5255,59230.0384,24100,64.8154,7.5731,0.1731,
OJ287,200820,59260.84083,8305,52.7396,6.1771,0.0971,
OJ287,225740,59260.95836,24100,64.4592,6.8243,0.2082,
OJ287,2843,59261.02159,24100,54.2034,6.8344,0.1934,
OJ287,181301,59291.76074,8305,53.7455,5.8589,0.0468,
OJ287,215802,59291.91695,24100,58.2761,6.3856,0.1821,
OJ287,175118,59297.74566,8305,54.031,5.8377,0.0467,
OJ287,210707,59297.88159,24100,61.5363,5.6456,0.1757,
OJ287,140009,59354.58514,8305,52.9622,4.3655,0.0357,
OJ287,171248,59354.71887,24100,62.5559,5.1531,0.323,
OJ287,111629,59391.47148,8305,50.0851,4.3629,0.0371,
OJ287,142931,59391.60548,24100,64.0184,4.9874,0.115,
OJ287,93928,59416.40411,8305,50.2937,4.0128,0.1023,
OJ287,150554,59416.63074,24100,46.0857,3.9806,0.462,
OJ287,72859,59455.31349,8305,53.8693,4.6407,0.0398,
OJ287,100741,59455.42365,24100,64.6469,5.8341,0.4564,
OJ287,122714,59455.52056,24100,46.9785,5.5566,0.4101,
OJ287,53901,59482.23713,8305,53.2875,5.6718,0.0558,
OJ287,83427,59482.35891,24100,63.823,7.9043,0.5944,
OJ287,104119,59482.44701,24100,46.945,7.4115,0.6889,
OJ287,35859,59507.16765,8305,53.0165,7.0812,0.0505,
OJ287,64629,59507.28393,24100,64.4586,9.4301,0.8482,
OJ287,12042,59548.05775,8305,53.4632,7.5114,0.0772,
OJ287,40816,59548.17406,24100,64.2754,8.5633,0.2358,
OJ287,62528,59548.26934,24100,46.3239,8.626,0.2701,
OJ287,36,59569.00211,8305,53.8319,6.9799,0.0591,
OJ287,24017,59569.11297,24100,64.5965,8.0421,0.1949,
OJ287,45908,59569.20939,24100,46.96,7.4362,0.2233,
OJ287,11933,59593.0569,24100,63.7028,8.0928,0.1927,
OJ287,32620,59593.14493,24100,46.7,7.9799,0.1454,
OJ287,222819,59592.93805,8305,54.1487,7.1967,0.1152,
OJ287,11933,59593.0569,24100,63.7028,8.0928,0.1927,
OJ287,32620,59593.14493,24100,46.7,7.9799,0.1454,
OJ287,223635,59631.94372,24100,64.3637,8.1026,0.231,
OJ287,204015,59661.86294,24100,64.2623,8.7387,0.2656,
OJ287,185528,59688.79017,24100,64.1749,8.4141,0.3023,
OJ287,211234,59688.88537,24100,46.0787,8.4737,0.25,
OJ287,165451,59717.7064,24100,64.5763,7.6152,0.293,
OJ287,191742,59717.80561,24100,46.2202,7.456,0.2701,
OJ287,122431,59787.51867,24100,64.2866,6.2619,0.4218,
OJ287,222819,59592.93805,8305,54.1487,7.1967,0.1152,
OJ287,193617,59631.81856,8305,51.2504,6.4537,0.1109,
OJ287,173647,59661.73558,8305,51.0057,6.8094,0.0657,
OJ287,161605,59688.67953,8305,54.9242,7.0162,0.082,
OJ287,134804,59717.57674,8305,49.6343,6.2301,0.0599,
OJ287,90357,59787.37944,8305,48.1757,5.9559,0.0739,
OJ287,112647,59812.47858,24100,60.6039,6.3824,0.358,
OJ287,75058,59812.32876,8305,52.2544,5.7832,0.0577,
OJ287,62506,59871.26908,24100,65.4412,5.6057,0.2155,
OJ287,85051,59871.3703,24100,49.7659,5.7661,0.2073,
OJ287,14405,59908.07398,8305,53.8699,4.9938,0.0516,
OJ287,739,59933.00701,8305,54.1478,4.6997,0.0513,
OJ287,234004,59975.98781,24100,65.2684,5.7692,0.1205,
OJ287,210049,59975.87727,8305,51.4004,4.1945,0.0732,
OJ287,194912,59996.82753,8305,53.1096,4.7984,0.0476,
OJ287,160514,60054.672,8305,53.7342,4.5569,0.05,
OJ287,120639,60115.50632,8305,53.9291,3.7515,0.0465,
OJ287,100524,60151.42211,8305,56.8768,4.5381,0.0446,
OJ287,61407,60205.2615,8305,54.1257,5.3121,0.0527,
OJ287,224235,59996.9479,24100,64.0372,5.707,0.1849,
OJ287,153315,60088.64974,24100,64.8936,6.7997,0.1138,
OJ287,143834,60115.61176,24100,64.9521,5.9853,0.1139,
OJ287,163746,60115.69454,24100,51.3383,5.8845,0.1321,
OJ287,113145,60179.48203,24100,59.1829,6.6412,0.123,
OJ287,84804,60205.36836,24100,64.7935,6.6768,0.1462,
